season,batting_first_won
2008,48.0
2009,57.99999999999999
2010,52.0
2011,52.0
2012,45.0
2013,47.0
2014,50.0
2015,47.0
2016,56.99999999999999
2017,57.99999999999999
