,Feature,Coefficient
0,venue,0.005684032109002213
1,toss_decision,0.023196071693867365
2,team1,0.004719129347198046
3,team2,0.00924649404370677
